{
  "device": "cuda",
  "n_params": 188212,
  "epochs_run": 14,
  "epochs_configured": 20,
  "train_windows": 5102033,
  "total_train_seconds": 38120.29044532776,
  "total_train_minutes": 635.338174088796,
  "mean_epoch_seconds": 2722.8777732167923,
  "median_epoch_seconds": 2640.2969002723694,
  "epoch_seconds": [
    3741.649552345276,
    2652.259002685547,
    2637.2979640960693,
    2666.602692604065,
    2678.7075486183167,
    2639.870334625244,
    2608.921814441681,
    2607.8396689891815,
    2641.576988220215,
    2635.995771884918,
    2758.9679017066956,
    2640.7234659194946,
    2572.7252144813538,
    2637.150904417038
  ],
  "best_val_qloss": 0.1310443991795182
}