{
  "device": "cuda",
  "n_params": 188212,
  "epochs_run": 11,
  "epochs_configured": 20,
  "train_windows": 5102033,
  "total_train_seconds": 31568.015468597412,
  "total_train_minutes": 526.1335911432902,
  "mean_epoch_seconds": 2869.8194511803713,
  "median_epoch_seconds": 2707.6404671669006,
  "epoch_seconds": [
    4462.58887887001,
    2783.4199085235596,
    2682.451431274414,
    2707.6404671669006,
    2706.5013256073,
    2715.4884943962097,
    2878.6277289390564,
    2733.2301490306854,
    2620.3548743724823,
    2583.6137402057648,
    2694.096964597702
  ],
  "best_val_qloss": 0.13065529214641589
}