{
  "device": "cuda",
  "n_params": 188212,
  "epochs_run": 12,
  "epochs_configured": 20,
  "train_windows": 5102033,
  "total_train_seconds": 34321.444167137146,
  "total_train_minutes": 572.0240694522857,
  "mean_epoch_seconds": 2860.1202044685683,
  "median_epoch_seconds": 2702.503860473633,
  "epoch_seconds": [
    4572.432453870773,
    2673.532858610153,
    2731.4748623371124,
    2767.566738128662,
    2669.8128368854523,
    2670.2764942646027,
    2657.676249027252,
    2755.5445976257324,
    2749.0341238975525,
    2742.7433953285217,
    2664.486615419388,
    2666.8612282276154
  ],
  "best_val_qloss": 0.1315805020826784
}