{
  "device": "cpu",
  "n_params": 627919,
  "epochs_run": 51,
  "epochs_configured": 100,
  "train_windows": 4320,
  "total_train_seconds": 850.1842527389526,
  "total_train_minutes": 14.16973754564921,
  "mean_epoch_seconds": 16.67025018673317,
  "median_epoch_seconds": 16.22815775871277,
  "epoch_seconds": [
    16.784594297409058,
    16.289406776428223,
    16.527074098587036,
    16.99729084968567,
    18.48825430870056,
    16.237075328826904,
    16.10936975479126,
    15.970203876495361,
    15.689870595932007,
    18.84520411491394,
    16.46239161491394,
    16.158687353134155,
    15.760236263275146,
    16.029288053512573,
    18.338592529296875,
    15.720256805419922,
    15.877577066421509,
    16.192129373550415,
    15.840651273727417,
    19.31981635093689,
    15.770963668823242,
    15.803779602050781,
    15.909588098526001,
    15.887566089630127,
    19.018486261367798,
    15.907322406768799,
    16.00572967529297,
    16.442342281341553,
    16.260048389434814,
    18.914151906967163,
    16.426321744918823,
    16.22815775871277,
    16.001220226287842,
    16.023126363754272,
    18.76472568511963,
    16.827303171157837,
    16.68855571746826,
    16.61747169494629,
    16.150667905807495,
    18.37523913383484,
    15.937408447265625,
    16.273972272872925,
    15.867968082427979,
    16.613239765167236,
    19.53983497619629,
    16.559375762939453,
    15.995378732681274,
    15.88272476196289,
    16.063647985458374,
    18.09146785736084,
    15.697002410888672
  ],
  "best_val_qloss": 0.011447873132835542
}