{
  "device": "cpu",
  "n_params": 627919,
  "epochs_run": 49,
  "epochs_configured": 100,
  "train_windows": 4320,
  "total_train_seconds": 556.8386545181274,
  "total_train_minutes": 9.28064424196879,
  "mean_epoch_seconds": 11.36401756442323,
  "median_epoch_seconds": 11.199280023574829,
  "epoch_seconds": [
    11.770156860351562,
    11.55288290977478,
    11.16816759109497,
    11.6977858543396,
    13.091267347335815,
    10.484121561050415,
    10.378447771072388,
    10.37384581565857,
    10.045207977294922,
    11.794970035552979,
    10.00259280204773,
    10.151055097579956,
    10.344975233078003,
    10.324221134185791,
    11.988041639328003,
    10.193692207336426,
    9.789474964141846,
    10.725541830062866,
    11.772374391555786,
    13.346910238265991,
    11.370238780975342,
    11.199280023574829,
    11.442227602005005,
    11.370262145996094,
    18.485265970230103,
    11.225605487823486,
    11.290940046310425,
    12.061858892440796,
    11.954313039779663,
    13.899229764938354,
    11.312657356262207,
    10.81093144416809,
    11.043347358703613,
    10.361671447753906,
    12.774628400802612,
    10.063552379608154,
    10.705545425415039,
    10.876035213470459,
    11.326009273529053,
    12.833044528961182,
    10.921972513198853,
    10.465180158615112,
    10.551564455032349,
    10.539528369903564,
    12.070417165756226,
    10.99447226524353,
    11.61760401725769,
    11.012694597244263,
    11.261049270629883
  ],
  "best_val_qloss": 0.01128824838503663
}