,WAPE,MASE,MAE,RMSE,bias,pinball,cov_10_90,cov_25_75
mean,0.4169711953122582,1.062077725110751,4.19433644634113,14.156437126709635,-1.7751747513464526,1.5174976127677062,0.8053703703703704,0.4966296296296296
std,0.009341894698231957,0.023794972844328504,0.09397063838266367,0.43304935116509524,0.2423469682285229,0.039158428044763084,0.006910881858767645,0.005932317155317644
