seed,WAPE,MASE,MAE,RMSE,bias,pinball,cov_10_90,cov_25_75
42,0.42373461509988203,1.079305000238543,4.26237006217853,14.343019178488346,-1.993957374900596,1.5401540650829493,0.7977222222222222,0.4898888888888889
43,0.40631190950780555,1.0349271925421393,4.087114097545307,13.661372415756109,-1.514678589439972,1.4722813892761875,0.8111666666666667,0.49894444444444447
44,0.42086706132908697,1.0720009825515704,4.233525179299553,14.464919785884454,-1.8168882896987897,1.540057383943982,0.8072222222222222,0.5010555555555556
