seed,WAPE,MASE,MAE,RMSE,bias,pinball,cov_10_90,cov_25_75
42,0.04513876487091049,0.8333709065693187,33287.33673767378,71734.58883265081,-2377.9143821601715,11774.721817093538,0.7589579701723804,0.48024404416037186
43,0.03985419017326092,0.7358048606394342,29390.255858763507,62066.83877351393,6804.491367163381,10884.286058519105,0.8250048421460391,0.5328297501452643
44,0.044426795397260126,0.8202262259959241,32762.29872025968,65258.46035272605,4592.404909689903,12145.9817544316,0.6925237265155917,0.43860158822390083
