,WAPE,MASE,MAE,RMSE,bias,pinball,cov_10_90,cov_25_75
mean,0.04313991681381051,0.7964673310682256,31813.297105565656,66353.29598629693,3006.3272982310377,11601.663210014747,0.7588288462780038,0.4838917941765124
std,0.0028677037504187004,0.05294475560182655,2114.7725392370025,4925.986865582136,4792.27247540046,648.4064839158126,0.06624065220396813,0.04721987065743473
