{
  "device": "cpu",
  "n_params": 627919,
  "epochs_run": 42,
  "epochs_configured": 100,
  "train_windows": 4320,
  "total_train_seconds": 699.640716791153,
  "total_train_minutes": 11.660678613185883,
  "mean_epoch_seconds": 16.658054323423478,
  "median_epoch_seconds": 16.149033904075623,
  "epoch_seconds": [
    16.480241775512695,
    15.849292993545532,
    16.13786220550537,
    16.160205602645874,
    19.561612367630005,
    16.188400506973267,
    16.82314968109131,
    15.5928053855896,
    15.748449325561523,
    18.88627600669861,
    18.533116579055786,
    16.346436738967896,
    15.264810800552368,
    15.667850494384766,
    19.31616449356079,
    15.692321062088013,
    16.008010625839233,
    15.931546211242676,
    16.109521627426147,
    20.179004907608032,
    15.569230556488037,
    16.225876569747925,
    16.654322624206543,
    17.13041114807129,
    18.600564002990723,
    17.069984912872314,
    16.934707164764404,
    16.23850703239441,
    16.063509464263916,
    18.496843814849854,
    15.565066576004028,
    15.282918453216553,
    15.851426839828491,
    16.003760814666748,
    18.614688873291016,
    15.061306715011597,
    15.775824546813965,
    16.26419973373413,
    16.09271216392517,
    18.39230227470398,
    15.598069190979004,
    15.674968719482422
  ],
  "best_val_qloss": 0.010734666138887405
}